Mod,WR (Main cat.),WR for,Runners,Difficulty,Optimization,Guides,Segmented/TAS,Extra,RTSL,ModDB,Steam,HL1 mov,Tags,,,,,,,,,,,,,WR for
$nakeâ€™s Mappack,4:30.345 / Lyren,226 days,2,â˜…â˜†â˜†â˜†â˜†,â˜…â˜…â˜†â˜†â˜†,-,-,-,âœ“,ðŸžª,ðŸžª,?,,,,,,,,,,,,,,
1187: Episode One,29:43 / Lyren,1067 days,2,â˜…â˜…â˜…â˜†â˜†,â˜…â˜…â˜†â˜†â˜†,-,-,-,âœ“,âœ“,ðŸžª,?,"Propclip, state preserve (timescale)",,,,,,,,,,,,,1067 
A Venetian Welcome,34.48 / Lyren,552 days,1,â˜…â˜†â˜†â˜†â˜†,â˜†â˜†â˜†â˜†â˜†,-,-,-,âœ“,ðŸžª,ðŸžª,?,,,,,,,,,,,,,,552 
A2B Trajectory,3:54.33 / Lyren,911 days,1,â˜…â˜†â˜†â˜†â˜†,â˜†â˜†â˜†â˜†â˜†,-,-,-,âœ“,âœ“,ðŸžª,?,,,,,,,,,,,,,,911 
A2B Trajectory 2,3:46.74 / Lyren,911 days,1,â˜…â˜…â˜†â˜†â˜†,â˜†â˜†â˜†â˜†â˜†,-,-,-,âœ“,âœ“,ðŸžª,?,Propclip,,,,,,,,,,,,,911 
A2B Trajectory 3,3:20.25 / Lyren,912 days,1,â˜…â˜…â˜†â˜†â˜†,â˜…â˜…â˜†â˜†â˜†,-,-,-,âœ“,ðŸžª,ðŸžª,?,,,,,,,,,,,,,,912 
Amalgam,8:57.255 / Lyren,497 days,2,â˜…â˜…â˜…â˜…â˜†,â˜†â˜†â˜†â˜†â˜†,-,6:34 (HL1 movement + cutsceneless),Cutsceneless Mod,ðŸžª,ðŸžª,âœ“,âœ“,,,,,,,,,,,,,,497 
Antracide,1:21.435 / Lyren,201 days,2,â˜†â˜†â˜†â˜†â˜†,â˜†â˜†â˜†â˜†â˜†,-,-,-,âœ“,ðŸžª,ðŸžª,?,,,,,,,,,,,,,,
Area 17,25.425 / Lyren,313 days,2,â˜…â˜†â˜†â˜†â˜†,â˜…â˜†â˜†â˜†â˜†,-,-,-,âœ“,ðŸžª,ðŸžª,?,,,,,,,,,,,,,,
Avenue Odessa,9:30.34 / Lyren,2171 days,1,â˜†â˜†â˜†â˜†â˜†,â˜†â˜†â˜†â˜†â˜†,-,-,-,âœ“,ðŸžª,ðŸžª,?,,,,,,,,,,,,,,2171 
Awakening,3:07.590 / Lyren,95 days,12,â˜…â˜…â˜…â˜†â˜†,â˜…â˜…â˜…â˜…â˜†,-,-,-,âœ“,âœ“,ðŸžª,âœ“,,,,,,,,,,,,,,95 
Bear Party: Adventure,14:54.360 / snowi,1695 days,19,â˜…â˜…â˜…â˜…â˜…,â˜†â˜†â˜†â˜†â˜†,-,-,download,ðŸžª,âœ“,ðŸžª,?,Bunnyhop,,,,,,,,,,,,,1695 
BL Onirico,34.575 / Lyren,201 days,2,â˜†â˜†â˜†â˜†â˜†,â˜†â˜†â˜†â˜†â˜†,-,-,-,âœ“,ðŸžª,ðŸžª,?,Ladder clip,,,,,,,,,,,,,
Blasted Lands,8:54.855 / Lyren,187 days,2,â˜†â˜†â˜†â˜†â˜†,â˜†â˜†â˜†â˜†â˜†,-,-,-,ðŸžª,âœ“,ðŸžª,?,,,,,,,,,,,,,,
CALL IN,3:54.69 / Enterprise,364 days,4,â˜…â˜…â˜…â˜…â˜…,â˜†â˜†â˜†â˜†â˜†,-,0:55 by Rama,-,âœ“,âœ“,ðŸžª,?,,,,,,,,,,,,,,364 
Causality Effect,15:46 / Lyren,818 days,1,â˜…â˜…â˜…â˜†â˜†,â˜…â˜…â˜†â˜†â˜†,-,-,-,âœ“,âœ“,ðŸžª,?,,,,,,,,,,,,,,818 
ChasmVille,13:44 / owerfloww,314 days,2,â˜…â˜…â˜…â˜…â˜…,â˜†â˜†â˜†â˜†â˜†,-,"Retraction Valley, Northern Face",-,âœ“,ðŸžª,ðŸžª,?,Propclip,,,,,,,,,,,,,
City 17 is Far Away,11:56 / Lyren,803 days,1,â˜…â˜…â˜…â˜…â˜†,â˜…â˜…â˜†â˜†â˜†,-,-,-,âœ“,ðŸžª,ðŸžª,âœ“,,,,,,,,,,,,,,803 
Clone Machine,2:31.905 / Lyren,1317 days,2,â˜…â˜…â˜†â˜†â˜†,â˜…â˜…â˜†â˜†â˜†,-,-,-,ðŸžª,âœ“,ðŸžª,?,,,,,,,,,,,,,,1317 
Comatose,1:57.825 / Lyren,201 days,2,â˜…â˜†â˜†â˜†â˜†,â˜†â˜†â˜†â˜†â˜†,-,-,-,âœ“,âœ“,ðŸžª,?,,,,,,,,,,,,,,
CombinationVille,13:50 / Lyren,1305 days,1,â˜…â˜…â˜†â˜†â˜†,â˜…â˜…â˜†â˜†â˜†,-,-,-,âœ“,ðŸžª,ðŸžª,?,,,,,,,,,,,,,,1305 
Combine Destiny,10:10 / PenPerson,188 days,1,â˜…â˜…â˜†â˜†â˜†,â˜…â˜…â˜†â˜†â˜†,-,14:19 by Rama (NE),-,âœ“,âœ“,ðŸžª,?,Old Engine,,,,,,,,,,,,,
Combine Escape,29.640 / Lyren,201 days,2,â˜…â˜†â˜†â˜†â˜†,â˜†â˜†â˜†â˜†â˜†,-,-,download,âœ“,ðŸžª,ðŸžª,?,,,,,,,,,,,,,,
Companion Piece,23:19 / VehicleRonald,1365 days,2,â˜…â˜†â˜†â˜†â˜†,â˜…â˜…â˜†â˜†â˜†,-,-,-,âœ“,âœ“,ðŸžª,?,,,,,,,,,,,,,,1365 
Da Baby,2:45.300 / VehicleRonald,1232 days,5,â˜…â˜†â˜†â˜†â˜†,â˜…â˜…â˜…â˜…â˜†,-,-,download,ðŸžª,ðŸžª,ðŸžª,?,,,,,,,,,,,,,,1232 
DangerousWorld,12:02 / Lyren,1292 days,1,â˜…â˜…â˜…â˜†â˜†,â˜…â˜…â˜†â˜†â˜†,-,"SourceRuns 10:34, SourceRuns 3:34.86",-,âœ“,âœ“,ðŸžª,?,Propclip,,,,,,,,,,,,,1292 
Dank Memes,1:21.330 / PenPerson,1357 days,5,â˜…â˜…â˜†â˜†â˜†,â˜…â˜…â˜…â˜…â˜…,-,Community SoB 1:23.63,-,ðŸžª,âœ“,ðŸžª,?,,,,,,,,,,,,,,1357 
Dark 17,50.40 / Lyren,792 days,2,â˜…â˜…â˜†â˜†â˜†,â˜…â˜…â˜†â˜†â˜†,-,-,-,ðŸžª,âœ“,ðŸžª,?,Propclip,,,,,,,,,,,,,792 
Dark Evening,7:13.93 / Lyren,995 days,1,â˜…â˜†â˜†â˜†â˜†,â˜…â˜…â˜†â˜†â˜†,-,-,-,âœ“,ðŸžª,ðŸžª,?,Propclip,,,,,,,,,,,,,995 
Dark Interval,25:49 / Combine Enforcer,19 days,1,â˜†â˜†â˜†â˜†â˜†,â˜†â˜†â˜†â˜†â˜†,-,-,-,,,,?,?,,,,,,,,,,,,,
Dark Intervention,3:19.200 / Lyren,338 days,4,â˜…â˜†â˜†â˜†â˜†,â˜†â˜†â˜†â˜†â˜†,-,-,-,âœ“,ðŸžª,ðŸžª,âœ“,,,,,,,,,,,,,,338 
DayHard,5:49.095 / Lyren,1789 days,1,â˜…â˜…â˜…â˜†â˜†,â˜†â˜†â˜†â˜†â˜†,-,"2:28.17 TAS by Rama, 8:45 by Rama",-,âœ“,âœ“,ðŸžª,?,"Old engine, yesclip",,,,,,,,,,,,,1789 
Dear Esther,4:52 / Lyren,1822 days,3,â˜…â˜…â˜†â˜†â˜†,â˜†â˜†â˜†â˜†â˜†,-,the_hat's 2:17 NE with sprint,S.'s 2015 marathon run,ðŸžª,âœ“,ðŸžª,?,No suit,,,,,,,,,,,,,1822 
Eclipse,2:58 / Lyren,381 days,3,â˜†â˜†â˜†â˜†â˜†,â˜†â˜†â˜†â˜†â˜†,-,-,-,ðŸžª,âœ“,ðŸžª,?,,,,,,,,,,,,,,381 
END STATION,5:50.625 / Lyren,51 days,1,â˜†â˜†â˜†â˜†â˜†,â˜…â˜†â˜†â˜†â˜†,-,-,-,,,,?,"Propclip, state preserve (timescale)",,,,,,,,,,,,,
Entropy : Zero,25:25 / Lyren,51 days,8,â˜…â˜…â˜†â˜†â˜†,â˜…â˜…â˜…â˜†â˜†,-,-,-,ðŸžª,ðŸžª,âœ“,?,NGC,,,,,,,,,,,,,51 
Entropy : Zero 2,55:26 / Lyren,917 days,3,â˜…â˜…â˜…â˜…â˜†,â˜…â˜…â˜†â˜†â˜†,-,SourceRuns 28:36,-,ðŸžª,ðŸžª,âœ“,?,"Propclip, rubby, voidclip",,,,,,,,,,,,,917 
Episode One,13:38 / owerfloww,331 days,3,â˜…â˜…â˜†â˜†â˜†,â˜…â˜…â˜…â˜†â˜†,-,-,-,âœ“,âœ“,ðŸžª,?,Propclip,,,,,,,,,,,,,331 
Episode 3: The Closure,1:43:34 / Lyren,1012 days,2,â˜†â˜†â˜†â˜†â˜†,â˜†â˜†â˜†â˜†â˜†,-,-,-,âœ“,âœ“,ðŸžª,?,"Propclip, state preserve (timescale, gravity)",,,,,,,,,,,,,1012 
Estranged: Act I,16:21 / Lyren,1456 days,8,â˜…â˜…â˜…â˜…â˜†,â˜†â˜†â˜†â˜†â˜†,-,SourceRuns 9:52.632,-,âœ“,âœ“,âœ“,?,,,,,,,,,,,,,,1456 
Evacuation,4:26.04 / Lyren,796 days,3,â˜…â˜…â˜…â˜…â˜…,â˜…â˜…â˜†â˜†â˜†,-,SourceRuns 52.275,-,ðŸžª,âœ“,âœ“,?,State preserve (gravity),,,,,,,,,,,,,796 
EXIT,6:55.050 / Lyren,187 days,2,â˜†â˜†â˜†â˜†â˜†,â˜†â˜†â˜†â˜†â˜†,-,-,-,âœ“,âœ“,ðŸžª,?,,,,,,,,,,,,,,
EXIT 2,15:53 / VehicleRonald,1339 days,4,â˜…â˜…â˜†â˜†â˜†,â˜…â˜…â˜†â˜†â˜†,-,-,-,ðŸžª,âœ“,ðŸžª,âœ“,Propclip,,,,,,,,,,,,,1339 
Expectation,57.84 / Lyren,326 days,1,â˜…â˜†â˜†â˜†â˜†,â˜†â˜†â˜†â˜†â˜†,-,VehicleRonald's 47.783,-,ðŸžª,âœ“,ðŸžª,?,,,,,,,,,,,,,,
Experimental Fuel,6.570 / Lyren,168 days,4,â˜…â˜…â˜…â˜†â˜†,â˜…â˜…â˜…â˜…â˜†,-,-,-,âœ“,âœ“,ðŸžª,?,,,,,,,,,,,,,,168 
Forest Train,2:55.005 / Lyren,113 days,7,â˜…â˜†â˜†â˜†â˜†,â˜…â˜…â˜…â˜†â˜†,-,-,-,âœ“,ðŸžª,ðŸžª,?,,,,,,,,,,,,,,113 
Garry's Mod (HL Co-Op),1:02:01 / Medved12,1830 days,2,â˜†â˜†â˜†â˜†â˜†,â˜†â˜†â˜†â˜†â˜†,-,-,-,ðŸžª,ðŸžª,âœ“,?,Multiplayer,,,,,,,,,,,,,1830 
Get a Life,43:18 / Lyren,268 days,3,â˜†â˜†â˜†â˜†â˜†,â˜†â˜†â˜†â˜†â˜†,-,-,-,âœ“,âœ“,ðŸžª,?,?,,,,,,,,,,,,,268 
Gnome,12:39 / Lyren,1544 days,1,â˜…â˜…â˜…â˜†â˜†,â˜…â˜…â˜†â˜†â˜†,-,-,-,âœ“,âœ“,ðŸžª,?,?,,,,,,,,,,,,,1544 
Gordon Freakman,14:01 / Lyren,772 days,5,â˜…â˜…â˜…â˜†â˜†,â˜…â˜…â˜†â˜†â˜†,-,-,-,ðŸžª,âœ“,ðŸžª,?,?,,,,,,,,,,,,,772 
Gordon Freakman 2: Kleiner-Life,31:00 / Lyren,330 days,5,â˜†â˜†â˜†â˜†â˜†,â˜†â˜†â˜†â˜†â˜†,-,-,-,ðŸžª,âœ“,ðŸžª,?,?,,,,,,,,,,,,,330 
Goreagulation,6:21.13 / Lyren,490 days,1,â˜…â˜…â˜†â˜†â˜†,â˜…â˜…â˜†â˜†â˜†,-,-,-,ðŸžª,âœ“,ðŸžª,ðŸžª,,,,,,,,,,,,,,490 
Grey,17:08 / Lyren,1277 days,3,â˜…â˜…â˜†â˜†â˜†,â˜…â˜…â˜…â˜†â˜†,Guide by MPy,MPy's 10:46.150,-,âœ“,âœ“,ðŸžª,ðŸžª,?,,,,,,,,,,,,,1277 
Half-Life 2 Alone Mod,31:32.165 / Nikitos,39 days,3,â˜†â˜†â˜†â˜†â˜†,â˜†â˜†â˜†â˜†â˜†,-,-,-,,,,?,,,,,,,,,,,,,,
Half-Life 2: Deep Down,5:17.160 / Lyren,124 days,7,â˜…â˜…â˜†â˜†â˜†,â˜†â˜†â˜†â˜†â˜†,-,Rama's 5:25,-,âœ“,âœ“,ðŸžª,?,,,,,,,,,,,,,,124 
Half-Life 2: Deeper Down,8:41.115 / PenPerson,536 days,2,â˜…â˜…â˜…â˜†â˜†,â˜†â˜†â˜†â˜†â˜†,-,Peng's 4:19,-,âœ“,âœ“,ðŸžª,?,?,,,,,,,,,,,,,536 
Half-Life 2: DownFall,54.435 / Lyren,59 days,26,â˜…â˜…â˜…â˜…â˜†,â˜…â˜…â˜…â˜…â˜…,"Advanced/Newer, Outdated/Thorough",SourceRuns 49.710,-,ðŸžª,ðŸžª,âœ“,?,,,,,,,,,,,,,,59 
Half-Life 2: Genry's Great Escape From City 13,5:58.575 / PenPerson,1426 days,4,â˜…â˜…â˜†â˜†â˜†,â˜…â˜…â˜†â˜†â˜†,-,-,-,ðŸžª,ðŸžª,âœ“,?,?,,,,,,,,,,,,,1426 
Half-Life 2: Offshore,14:25 / PenPerson,1387 days,4,â˜…â˜…â˜…â˜†â˜†,â˜†â˜†â˜†â˜†â˜†,-,-,-,âœ“,âœ“,ðŸžª,âœ“,Free OOB,,,,,,,,,,,,,1387 
Half-Life 2: Reject,1:48.31 / Lyren,1464 days,3,â˜…â˜†â˜†â˜†â˜†,â˜…â˜…â˜†â˜†â˜†,-,-,-,âœ“,ðŸžª,ðŸžª,?,Propclip,,,,,,,,,,,,,1464 
Half-Life 2: Riot Act,3:57.15 / Lyren,413 days,6,â˜†â˜†â˜†â˜†â˜†,â˜†â˜†â˜†â˜†â˜†,-,Rama's 2:22.905,-,âœ“,âœ“,ðŸžª,partly,NPC Clip,,,,,,,,,,,,,413 
Half-Life 2: Sniper's Episode,5.61 / Lyren,644 days,22,â˜…â˜†â˜†â˜†â˜†,â˜…â˜…â˜…â˜…â˜†,-,-,Tomsk45 marathon | download,ðŸžª,ðŸžª,ðŸžª,?,Edgebug,,,,,,,,,,,,,644 
Half-Life 2: Uncertainty Principle,12:54.48 / Lyren,793 days,6,â˜…â˜…â˜…â˜…â˜†,â˜…â˜…â˜…â˜†â˜†,-,SourceRuns 5:17.595,Lyren '19 marathon / Dirtch '24 marathon,âœ“,âœ“,ðŸžª,âœ“,?,,,,,,,,,,,,,793 
Half-Life 2: Year Long Alarm,1:16.78 / Lyren,790 days,5,â˜…â˜…â˜…â˜…â˜†,â˜…â˜…â˜…â˜†â˜†,-,Rama's 1:27,-,âœ“,âœ“,âœ“,âœ“,,,,,,,,,,,,,,790 
Half-Life 3: Citadel Unleashed,18:22 / Lyren,497 days,1,â˜†â˜†â˜†â˜†â˜†,â˜…â˜†â˜†â˜†â˜†,-,-,-,ðŸžª,âœ“,ðŸžª,?,,,,,,,,,,,,,,497 
Half-Life: Abridged,1:06:54 / Lyren,1990 days,2,â˜…â˜…â˜…â˜†â˜†,â˜…â˜†â˜†â˜†â˜†,-,-,-,âœ“,âœ“,ðŸžª,?,Propclip,,,,,,,,,,,,,1990 
Half-Life: Elude,1:55 / Lyren (not re-timed),,,,,,,,,,,,,,,,,,,,,,,,,
Half-Life: Somatic,1:32.655 / Lyren,157 days,1,â˜†â˜†â˜†â˜†â˜†,â˜…â˜†â˜†â˜†â˜†,-,-,-,âœ“,âœ“,ðŸžª,?,"Propclip, Edgebug",,,,,,,,,,,,,
Half-Shell,1:30.225 / Lyren,485 days,1,â˜†â˜†â˜†â˜†â˜†,â˜†â˜†â˜†â˜†â˜†,-,-,-,âœ“,ðŸžª,ðŸžª,?,,,,,,,,,,,,,,485 
Hangover,1:29.500 / PenPerson,1372 days,3,â˜…â˜…â˜…â˜…â˜…,â˜…â˜…â˜†â˜†â˜†,-,Lyren's 36.405,-,âœ“,âœ“,ðŸžª,?,,,,,,,,,,,,,,1372 
Hardware Upgrade: Remastered,8:53.085 / Lyren,164 days,1,â˜†â˜†â˜†â˜†â˜†,â˜†â˜†â˜†â˜†â˜†,-,-,-,âœ“,âœ“,ðŸžª,?,Propclip,,,,,,,,,,,,,
Hells Mines,1:34.770 / Lyren,338 days,5,â˜…â˜†â˜†â˜†â˜†,â˜†â˜†â˜†â˜†â˜†,-,-,VehicleRonald with mirskiy Coop,âœ“,âœ“,ðŸžª,âœ“,,,,,,,,,,,,,,338 
Hostage,2:16.155 / Lyren,314 days,1,â˜…â˜†â˜†â˜†â˜†,â˜…â˜†â˜†â˜†â˜†,-,-,-,âœ“,ðŸžª,ðŸžª,?,,,,,,,,,,,,,,
Hypnagogia,4:03.060 / Lyren,126 days,1,â˜…â˜†â˜†â˜†â˜†,â˜†â˜†â˜†â˜†â˜†,-,-,-,âœ“,âœ“,ðŸžª,?,,,,,,,,,,,,,,
ICE,19:48 / Lyren,484 days,1,â˜…â˜…â˜…â˜†â˜†,â˜…â˜…â˜…â˜†â˜†,-,-,Lyren's 2020 marathon run,ðŸžª,âœ“,ðŸžª,?,?,,,,,,,,,,,,,484 
Insomnia,2:42.91 / owerfloww,206 days,2,â˜…â˜†â˜†â˜†â˜†,â˜†â˜†â˜†â˜†â˜†,-,-,-,âœ“,ðŸžª,ðŸžª,?,,,,,,,,,,,,,,206 
Jolly's Hardcore Mod,3:44.595 / Lyren,548 days,2,â˜…â˜…â˜…â˜†â˜†,â˜…â˜…â˜…â˜†â˜†,-,-,-,ðŸžª,âœ“,ðŸžª,?,,,,,,,,,,,,,,548 
Joutomaa,3:34.420 / Enterprise,351 days,6,â˜†â˜†â˜†â˜†â˜†,â˜†â˜†â˜†â˜†â˜†,-,-,-,âœ“,âœ“,ðŸžª,âœ“,,,,,,,,,,,,,,351 
Kill the Monk,17:51 / Lyren,1466 days,6,â˜…â˜…â˜…â˜†â˜†,â˜…â˜…â˜†â˜†â˜†,-,Peng's 15:56,downloads,ðŸžª,ðŸžª,ðŸžª,?,State preserve (timescale),,,,,,,,,,,,,1466 
La Habana Libre,32.73 / Lyren,485 days,1,â˜…â˜…â˜…â˜†â˜†,â˜†â˜†â˜†â˜†â˜†,-,-,-,âœ“,âœ“,ðŸžª,?,,,,,,,,,,,,,,485 
Lakeview Breach,8.22 / Lyren,,,,,,,,,,,?,,,,,,,,,,,,,,
Leon's Mappack 1,3:02.475 / PenPerson,171 days,1,â˜…â˜…â˜†â˜†â˜†,â˜…â˜…â˜†â˜†â˜†,-,-,-,âœ“,âœ“,ðŸžª,?,Old Engine,,,,,,,,,,,,,54 
LiberationVille,35:50 / owerfloww,98 days,1,â˜†â˜†â˜†â˜†â˜†,â˜†â˜†â˜†â˜†â˜†,-,-,-,âœ“,ðŸžª,ðŸžª,?,,,,,,,,,,,,,,
Local-Motive,20.805 / Lyren,75 days,2,â˜…â˜…â˜†â˜†â˜†,â˜†â˜†â˜†â˜†â˜†,-,-,-,,,,?,,,,,,,,,,,,,,
Local Motive: Definitive Edition,27.885 / Lyren,54 days,7,â˜…â˜…â˜†â˜†â˜†,â˜…â˜…â˜…â˜†â˜†,-,-,-,âœ“,âœ“,ðŸžª,?,,,,,,,,,,,,,,791 
Logistique Act. 1,9:22.33 / Lyren,791 days,2,â˜…â˜…â˜†â˜†â˜†,â˜…â˜…â˜†â˜†â˜†,-,-,-,âœ“,âœ“,âœ“,?,?,,,,,,,,,,,,,
MINERVA: Metastasis,13:32 / Lyren,718 days,2,â˜…â˜…â˜…â˜…â˜†,â˜…â˜†â˜†â˜†â˜†,-,Mushr00m's 17:48 (HL1 Movement) ,-,âœ“,âœ“,âœ“,âœ“,Free OOB,,,,,,,,,,,,,772 
Mission Improbable,5:00.66 / Lyren,772 days,2,â˜…â˜…â˜…â˜…â˜†,â˜…â˜…â˜†â˜†â˜†,-,SourceRuns 4:32 /  2:56 /   2:07.11,-,âœ“,âœ“,ðŸžª,?,?,,,,,,,,,,,,,1446 
NEOTOKYO Kshatriya (Demo),2:10 / Lyren,1446 days,3,â˜…â˜…â˜†â˜†â˜†,â˜†â˜†â˜†â˜†â˜†,-,-,-,ðŸžª,âœ“,ðŸžª,?,?,,,,,,,,,,,,,939 
Nightmare House 2,36:51 / Kalifron4ik,939 days,4,â˜†â˜†â˜†â˜†â˜†,â˜†â˜†â˜†â˜†â˜†,-,Centaur1um's 35:48,official website,âœ“,âœ“,ðŸžª,partly,?,,,,,,,,,,,,,202 
PhaseVille,33:38 / owerfloww,202 days,5,â˜…â˜…â˜…â˜†â˜†,â˜…â˜…â˜†â˜†â˜†,-,-,-,âœ“,ðŸžª,ðŸžª,ðŸžª,?,,,,,,,,,,,,,
Penetration,6:33.810 / owerfloww,308 days,1,â˜†â˜†â˜†â˜†â˜†,â˜†â˜†â˜†â˜†â˜†,-,SourceRuns 3:14,-,âœ“,âœ“,ðŸžª,?,,,,,,,,,,,,,,1431 
Power Tower,2:45.285 / Lyren,157 days,1,â˜…â˜…â˜†â˜†â˜†,â˜…â˜†â˜†â˜†â˜†,-,-,-,âœ“,ðŸžª,ðŸžª,?,,,,,,,,,,,,,,
Precursor,8:10 / PenPerson,1431 days,4,â˜…â˜…â˜†â˜†â˜†,â˜…â˜…â˜†â˜†â˜†,-,SourceRuns 4:42.015,-,âœ“,âœ“,ðŸžª,?,Propclip,,,,,,,,,,,,,
Prisoner,8:31.23 / Lyren,212 days,2,â˜…â˜…â˜†â˜†â˜†,â˜…â˜†â˜†â˜†â˜†,-,-,-,ðŸžª,âœ“,ðŸžª,?,,,,,,,,,,,,,,206 
Prospekt,28:35 / Lyren,206 days,3,â˜…â˜…â˜†â˜†â˜†,â˜†â˜†â˜†â˜†â˜†,-,-,MaDD's 2016 marathon run,ðŸžª,ðŸžª,âœ“,?,?,,,,,,,,,,,,,1466 
Raising the Bar: Redux (DIV 1.2),45:58 / Lyren,1466 days,1,â˜†â˜†â˜†â˜†â˜†,â˜†â˜†â˜†â˜†â˜†,-,-,-,ðŸžª,âœ“,ðŸžª,?,?,,,,,,,,,,,,,341 
Ravenholm,12:42 / Enterprise,341 days,3,â˜†â˜†â˜†â˜†â˜†,â˜†â˜†â˜†â˜†â˜†,-,-,-,ðŸžª,âœ“,ðŸžª,âœ“,No sprint,,,,,,,,,,,,,
Ravenholm: The Lost Chapter,1:58.605 / Lyren,326 days,1,â˜…â˜…â˜…â˜†â˜†,â˜†â˜†â˜†â˜†â˜†,-,k80may's 2:09,-,âœ“,ðŸžª,ðŸžª,?,,,,,,,,,,,,,,1862 
Rebel Surge,3:57.33 / Lyren,91 days,1,â˜…â˜†â˜†â˜†â˜†,â˜†â˜†â˜†â˜†â˜†,-,-,-,,,,?,,,,,,,,,,,,,,
Research and Development,15:49 / Lyren,115 days,3,â˜†â˜†â˜†â˜†â˜†,â˜†â˜†â˜†â˜†â˜†,-,SourceRuns 17:13 / 7:22,-,âœ“,âœ“,ðŸžª,?,"Propclip, state preserve (timescale)",,,,,,,,,,,,,
RunThinkShootLiveVille,20:52 / Lyren,1862 days,2,â˜…â˜…â˜…â˜†â˜†,â˜…â˜†â˜†â˜†â˜†,-,-,-,âœ“,ðŸžª,ðŸžª,?,?,,,,,,,,,,,,,1369 
RunThinkShootLiveVille 2,56:32 / owerfloww,99 days,1,â˜†â˜†â˜†â˜†â˜†,â˜†â˜†â˜†â˜†â˜†,-,-,Search and Rescue in 40.60 (HL2 Mod) - YouTube Ultracold in 5:03.12 (HL2 Mod) - YouTube,âœ“,âœ“,ðŸžª,?,Long,,,,,,,,,,,,,
School Adventures,6:56.450 / PenPerson,1369 days,3,â˜…â˜…â˜†â˜†â˜†,â˜†â˜†â˜†â˜†â˜†,-,-,-,âœ“,âœ“,ðŸžª,?,?,,,,,,,,,,,,,763 
Sebastian,6:16.20 / Lyren,763 days,2,â˜…â˜†â˜†â˜†â˜†,â˜…â˜…â˜†â˜†â˜†,-,-,-,âœ“,âœ“,ðŸžª,âœ“,,,,,,,,,,,,,,552 
Sewer Sickness,2:41.730 / Lyren,552 days,1,â˜…â˜†â˜†â˜†â˜†,â˜…â˜†â˜†â˜†â˜†,-,-,-,âœ“,ðŸžª,ðŸžª,?,,,,,,,,,,,,,,
Simple Etape,19.155 / PenPerson,172 days,1,â˜…â˜†â˜†â˜†â˜†,â˜…â˜†â˜†â˜†â˜†,-,-,-,âœ“,ðŸžª,ðŸžª,?,Old Engine,,,,,,,,,,,,,1052 
Snowdrop Escape,29:59 / Lyren,91 days,2,â˜†â˜†â˜†â˜†â˜†,â˜†â˜†â˜†â˜†â˜†,-,-,-,ðŸžª,âœ“,âœ“,?,,,,,,,,,,,,,,552 
Southernmost Combine,6:55.245 / Lyren,1052 days,3,â˜…â˜…â˜…â˜…â˜†,â˜…â˜…â˜…â˜†â˜†,Ron's TDF tutorial,-,-,âœ“,âœ“,ðŸžª,?,?,,,,,,,,,,,,,558 
Spherical Nightmares,9:27.090 / owerfloww,77 days,3,â˜†â˜†â˜†â˜†â˜†,â˜†â˜†â˜†â˜†â˜†,-,SourceRuns 6:05,-,âœ“,âœ“,ðŸžª,?,,,,,,,,,,,,,,
Sudden Departure,15.75 / Lyren,552 days,1,â˜…â˜†â˜†â˜†â˜†,â˜…â˜…â˜†â˜†â˜†,-,-,-,âœ“,ðŸžª,ðŸžª,?,,,,,,,,,,,,,,533 
Swelter,56:52 / Lyren,558 days,3,â˜†â˜†â˜†â˜†â˜†,â˜…â˜…â˜†â˜†â˜†,-,-,Trooper's 2024 marathon run,ðŸžª,âœ“,âœ“,?,"Propclip, BBT",,,,,,,,,,,,,1380 
Terminal 7,19:44.400 / Lyren,533 days,2,â˜…â˜…â˜…â˜†â˜†,â˜…â˜…â˜†â˜†â˜†,Untitled,-,Mr. Mary's 2018 marathon run,ðŸžª,âœ“,ðŸžª,?,?,,,,,,,,,,,,,546 
The 72-Second Experiment,14:18 / VehicleRonald,1380 days,5,â˜…â˜†â˜†â˜†â˜†,â˜…â˜…â˜…â˜…â˜†,-,-,-,âœ“,ðŸžª,ðŸžª,?,?,,,,,,,,,,,,,
The Citizen,16:15 / Lyren,546 days,3,â˜…â˜…â˜…â˜…â˜†,â˜…â˜…â˜†â˜†â˜†,-,4:16.5 TAS by Rama,-,âœ“,âœ“,ðŸžª,?,?,,,,,,,,,,,,,
The Citizen 2,10:27 / PenPerson,237 days,1,â˜†â˜†â˜†â˜†â˜†,â˜†â˜†â˜†â˜†â˜†,-,-,-,âœ“,âœ“,ðŸžª,?,,,,,,,,,,,,,,1383 
The Forgotten Journey Mod,18:50 / Lyren,323 days,2,â˜†â˜†â˜†â˜†â˜†,â˜…â˜…â˜†â˜†â˜†,-,The Gutter TAS in 28.635s,-,âœ“,âœ“,ðŸžª,âœ“,,,,,,,,,,,,,,122 
The Lost City,1:04.815 / Lyren,1383 days,3,â˜…â˜…â˜…â˜…â˜…,â˜†â˜†â˜†â˜†â˜†,-,Lyren's 52.875,-,âœ“,âœ“,ðŸžª,?,,,,,,,,,,,,,,102 
The PTSD Mod,11:34 / Filarmonia_,122 days,6,â˜…â˜…â˜†â˜†â˜†,â˜…â˜…â˜…â˜†â˜†,-,Filarmonia's 9:36,-,âœ“,âœ“,ðŸžª,?,?,,,,,,,,,,,,,365 
The PTSD Mod 2,12:13 / HardLifeNH,102 days,3,â˜…â˜…â˜…â˜…â˜†,â˜…â˜…â˜…â˜†â˜†,-,-,Lyren's 2024 marathon run,âœ“,âœ“,ðŸžª,?,?,,,,,,,,,,,,,1373 
The Stanley Parable,27:36 / Kevbot43,2860 days,14,â˜†â˜†â˜†â˜†â˜†,â˜†â˜†â˜†â˜†â˜†,,,,,,,?,,,,,,,,,,,,,,
The Thing Remaster,1:23.34 / Lyren,365 days,3,â˜…â˜†â˜†â˜†â˜†,â˜†â˜†â˜†â˜†â˜†,-,-,-,ðŸžª,âœ“,ðŸžª,?,Level Tranistion Clip,,,,,,,,,,,,,1420 
The Wraith 2: Conjuring,1:23.34 / Lyren,150 days,1,â˜…â˜†â˜†â˜†â˜†,â˜…â˜…â˜†â˜†â˜†,-,-,-,âœ“,âœ“,ðŸžª,?,,,,,,,,,,,,,,
Think Tank,23:15 / VehicleRonald,1373 days,2,â˜…â˜…â˜…â˜†â˜†,â˜…â˜…â˜†â˜†â˜†,-,-,-,âœ“,âœ“,ðŸžª,?,?,,,,,,,,,,,,,780 
Third Party,2:56.58 / Lyren,40 days,2,â˜…â˜…â˜†â˜†â˜†,â˜†â˜†â˜†â˜†â˜†,-,-,-,âœ“,ðŸžª,ðŸžª,?,,,,,,,,,,,,,,
Thunder's Leaves,26:18 / owerfloww,108 days,1,â˜…â˜…â˜…â˜†â˜†,â˜…â˜†â˜†â˜†â˜†,,,-,ðŸžª,âœ“,ðŸžª,?,BBT,,,,,,,,,,,,,
Tinje,43.995 / PenPerson,1420 days,4,â˜…â˜…â˜†â˜†â˜†,â˜…â˜…â˜…â˜†â˜†,-,Peng's 34.305,-,âœ“,ðŸžª,ðŸžª,?,Old engine,,,,,,,,,,,,,1949 
Too Many Crates!,23:29 / alexandrnull,780 days,6,â˜…â˜…â˜…â˜†â˜†,â˜†â˜†â˜†â˜†â˜†,-,-,-,âœ“,âœ“,ðŸžª,?,No ahop,,,,,,,,,,,,,203 
Transmissions: Element 120,3:07.17 / Lyren,1949 days,20,â˜…â˜…â˜†â˜†â˜†,â˜…â˜…â˜…â˜…â˜†,-,SourceRuns 2:19.490,-,ðŸžª,ðŸžª,âœ“,ðŸžª,Unique mobility weapon,,,,,,,,,,,,,
TrapVille,14:07 / Lyren,203 days,4,â˜…â˜…â˜…â˜†â˜†,â˜…â˜†â˜†â˜†â˜†,-,SourceRuns 8:31.230,-,âœ“,ðŸžª,ðŸžª,âœ“,"State preserve (timescale), BBT, ISG",,,,,,,,,,,,,337 
TWHL Tower: Source,28:15 / Lyren,226 days,7,â˜…â˜…â˜…â˜†â˜†,â˜…â˜…â˜†â˜†â˜†,-,-,-,âœ“,âœ“,ðŸžª,?,,,,,,,,,,,,,,1107 
UNRECORDED - C17,2:55.680 / Lyren,337 days,2,â˜…â˜…â˜†â˜†â˜†,â˜†â˜†â˜†â˜†â˜†,-,-,download,ðŸžª,ðŸžª,ðŸžª,?,,,,,,,,,,,,,,994 
Upmine Struggle,4:58.030 / VehicleRonald,1107 days,3,â˜…â˜†â˜†â˜†â˜†,â˜…â˜…â˜…â˜…â˜…,-,-,-,âœ“,âœ“,ðŸžª,âœ“,,,,,,,,,,,,,,1326 
Uzvara,54.825 / Lyren,994 days,3,â˜…â˜…â˜†â˜†â˜†,â˜…â˜…â˜…â˜†â˜†,-,-,-,âœ“,âœ“,ðŸžª,?,Propclip,,,,,,,,,,,,,1286 
Very Hard Mod,2:26.880 / Lyren,1326 days,2,â˜…â˜…â˜†â˜†â˜†,â˜…â˜…â˜†â˜†â˜†,-,-,-,âœ“,âœ“,ðŸžª,?,,,,,,,,,,,,,,249 
Watching Paint Dry: The Game,22.23 / Lyren,1286 days,18,â˜…â˜†â˜†â˜†â˜†,â˜…â˜…â˜…â˜†â˜†,-,-,-,ðŸžª,âœ“,ðŸžª,?,?,,,,,,,,,,,,,386 
Water,19:24 / Rama,249 days,2,â˜†â˜†â˜†â˜†â˜†,â˜†â˜†â˜†â˜†â˜†,-,-,-,âœ“,âœ“,ðŸžª,?,Unique movement,,,,,,,,,,,,,
What Remains,9:42.12 / Lyren,386 days,1,â˜†â˜†â˜†â˜†â˜†,â˜†â˜†â˜†â˜†â˜†,-,-,-,ðŸžª,âœ“,ðŸžª,?,"Propclip, BBT",,,,,,,,,,,,,338 
Whoopservatory,1:04.92 / Lyren,326 days,1,â˜…â˜…â˜…â˜…â˜†,â˜†â˜†â˜†â˜†â˜†,-,SourceRuns 1:13,-,âœ“,âœ“,ðŸžª,?,,,,,,,,,,,,,,
Wilson Chronicles,14:26 / BotSkipper,338 days,2,â˜†â˜†â˜†â˜†â˜†,â˜†â˜†â˜†â˜†â˜†,-,-,-,ðŸžª,âœ“,âœ“,?,"NPC Clip, bhop",,,,,,,,,,,,,